{"max": [0.400784, 0.869731, 0.705052], "centroid": [0.013579043517960639, 0.2882728880163508, 0.36730648414785716], "id": "8d458ab12073c371caa2c06fded3ca21", "numVertices": 5804, "min": [-0.363304, -0.001109, -0.0264918]}
